,dtfk1,ft1,dtsk1,dtfk2,ft2,dtsk2,dtfk3,ft3,dtsk3,dtfk4,ft4,dtsk4,dtfk5,ft5,dtsk5,dtfk6,ft6,dtsk6,dtfk7,ft7,dtsk7,dtfk8,ft8,dtsk8,dtfk9,ft9,dtsk9,dtfk10,ft10,dtsk10,dtfk11,ft11,dtsk11,dtfk12,ft12,dtsk12,dtfk13,ft13,dtsk13,dtfk14,ft14,dtsk14,sum,class
dtfk1,1.0,-0.08301295190241405,0.17615339500145766,0.18041326298018678,-0.1425317770331801,0.14559093805790527,0.04648015209190636,0.11093870148096119,0.19155621224898967,0.11158673241294599,-0.038977957698730366,0.011551507905779112,-0.10447686337491488,-0.1581104143397575,0.08655485413009992,-0.036174167259189836,0.03669249133161789,0.22452768157907896,-0.018647554998397396,-0.05455030679224229,0.04903543271780453,0.08684253819232227,-0.07234908500030479,-0.11130343784990289,-0.004086601902199377,-0.021522647925913574,0.10012035100395428,0.04738614190616173,0.013337467126412978,-0.0640041076409628,0.10909636164619615,0.11981891020021665,0.17387396053752494,-0.03837661253537099,0.15746995565945324,0.07273047894927297,0.07247646300462056,0.03354600552680986,0.10488806619667418,0.195970721595986,0.11116810392955173,0.11719857181474935,0.09178233152213837,-0.028299890010823198
ft1,-0.08301295190241405,1.0,0.02933816122630678,-0.002102548065735248,0.08320050979832452,-0.021869799374468653,-0.029341362283728765,0.1294465074303067,-0.0060199685109981645,0.005034170007344959,0.042288969690973406,-0.005217957172154972,-0.015031211683628405,0.13085793539425947,-0.017824049899084028,0.020257618627260054,0.05051364592237126,0.09776799832139227,-0.006417010900620868,0.015156938055213941,0.009062402807035266,-0.015343083735427544,-0.014151868178054017,-0.0032805440779818907,-0.041459366883650144,0.051736291570506326,0.029213159907008467,-0.010068256956380814,-0.0025703960628091632,0.01493888216524801,-0.04367644384038262,0.08048238124648921,-0.06547771886628852,-0.04462581615212588,0.08655310357154535,0.013508598454755518,0.008254023023825849,0.07215283028425552,0.006479026793090303,-0.08445106388727268,0.08056041091395413,-0.03728042543962149,0.32403365923199456,0.09976712490474607
dtsk1,0.17615339500145766,0.02933816122630678,1.0,0.18442801960389263,-0.032392957848894594,0.16240517603837312,0.2714013357880839,0.055863905455219284,0.06593160507084761,0.14777467964764984,0.09546310594120418,0.13375252865978424,-0.1636253431018195,-0.18878023970531493,0.07851480212024049,0.13172130176057728,0.027970072481327365,0.08152575972697758,-0.07424414634868994,0.04757449964865226,0.0024728344876939626,0.033233526908115436,-0.07480049909011917,-0.22062278567461635,0.05631208329851749,-0.09452010797174647,0.04450870365895237,-0.039732775351112706,0.12260735876014632,0.09404730527372179,0.1011524053131507,0.13481657831038216,0.08084408461519192,-0.029072451327253116,0.0240486733791176,0.14298379844993725,0.16126213832137803,0.12393771596149476,0.04367787390318588,0.2240277632055097,0.04635835313546141,0.3042499893796173,0.13514558409929564,-0.05761295316837086
dtfk2,0.18041326298018678,-0.002102548065735248,0.18442801960389263,1.0,-0.24180749673522167,0.28490218509647364,0.07058877779800711,-0.04922926270723721,0.058986125914717885,0.045746629246894994,0.15092145304826166,0.20665002174354824,-0.1007065100815873,-0.16773019414043444,0.04330419121222461,-0.047096106527793405,-0.028637865297418977,0.07945405958990011,0.04712782913945813,-0.06788252103261377,0.10018391942374967,0.1243682955370808,-0.09978023062851694,-0.09355618449359811,0.1709245211517168,0.11723753011857939,-0.054947869664772796,0.06253156005616124,-0.008919410427624095,0.005047932164959461,0.1683245046521292,-0.024865212745076967,0.1002633422073911,-0.035983292646288856,-0.037339860483148996,0.018502975426232433,0.06690984333595079,0.030242754095366274,0.10372417241276043,0.21772065066544008,0.009409067656890532,0.16261128086110554,0.15338283271353126,-0.027076404818692144
ft2,-0.1425317770331801,0.08320050979832452,-0.032392957848894594,-0.24180749673522167,1.0,-0.17767414315279625,-0.06450629732204684,-0.010827960615416536,-0.03370120900268884,-0.09277643353200944,0.0818261016739469,-0.012250301819190639,0.030187340675313284,0.10568159647584595,-0.01441221337310182,-0.03225594439229756,0.07193148483167161,-0.06270223481319152,0.0430389010564447,-0.020061017536947008,0.017363747434490765,-0.07566612757222597,0.018234026217989897,0.015311913233475714,-0.034584587269426974,0.011311211586419229,0.04852641861415826,0.024413466649537547,0.022922293568372644,0.05117034784875371,-0.0269359055277144,0.09269346659893618,-0.1152879044987823,0.07176554709941864,0.019174907078588408,0.03618803614270644,-0.02954920824967023,-0.047023041572934236,0.10234416589067057,-0.15015476875393532,-0.03787329094714887,-0.038963383284183264,0.09063531635169793,-0.016378001529608072
dtsk2,0.14559093805790527,-0.021869799374468653,0.16240517603837312,0.28490218509647364,-0.17767414315279625,1.0,0.22644303765185964,0.06347170291738082,0.1984156109152588,0.12301046626885595,0.04684868913634783,0.08604409470482254,-0.029018118957026946,-0.17748157256041203,0.0297433252158363,-0.027854540620518797,0.0029734657718340192,0.019572563877290148,-0.05468963442072437,-0.03328104787053686,0.0936926277010695,0.17459568033618506,-0.09415793106372644,-0.1536613061150981,-0.021562386469609347,-0.11685372869323764,0.07170609512477327,0.039684846834129595,-0.050632161464686146,0.007739716387284876,0.027369106890022483,-0.05055519789804118,0.2264742792002493,0.10586020120511531,-0.0067408914666137205,0.040422769929746125,0.07746729269627375,0.06551791437881137,-0.07349624369205353,0.17005186582068602,0.03447249649661061,0.19106103524397236,0.045515952790214385,-0.047197912254269794
dtfk3,0.04648015209190636,-0.029341362283728765,0.2714013357880839,0.07058877779800711,-0.06450629732204684,0.22644303765185964,1.0,-0.03744610529374743,-0.05383670283402591,0.17147659069192622,0.14358542192026538,0.024042402981363717,0.10943116471153894,-0.11240639459479107,0.22238342096139224,0.38085264524721857,-0.0003213695942161306,0.04758014642987181,0.04238986455933314,0.042664750060863975,0.1381925082441419,0.06363746157662019,-0.043733407002290746,0.04420873049358736,-0.04416467493072121,-0.05668537350069311,0.08681684622751769,0.04291632140735932,0.07013130742765515,0.065820191821695,0.02451594552182422,0.07684524354834293,0.06812086183448564,0.023414051973728724,0.020438724617482373,-0.013062528049221917,0.2514559323647595,0.23380865331581221,-0.03809990780736709,0.17830637322308904,0.24721966978268747,0.5116104017818232,0.2175695533236187,-0.11834118058069398
ft3,0.11093870148096119,0.1294465074303067,0.055863905455219284,-0.04922926270723721,-0.010827960615416536,0.06347170291738082,-0.03744610529374743,1.0,0.014783368626260717,0.03388284236085404,0.0605772381816939,-0.07616954732431344,-0.09500691627689614,-0.043658291547795165,0.06270293414271184,0.013668661009660557,0.47027774178426723,0.12558194591647234,-0.055780647241633424,0.15941960045894943,-0.04431490662909616,-0.026642367059684882,-0.06438848590863616,-0.09972505186286944,-0.07552071854534773,-0.0969268971825939,-0.0001460494855669317,0.012446778959341265,0.03238787201471037,-0.017298953916834045,-0.08121462342317123,0.11058222701406646,0.031265402076825405,-0.021184497640241422,0.2682820898027033,0.02324989490504057,0.044385829218301504,0.17304136087342067,-0.002665072459527346,0.04004001724396716,0.1410450331994875,0.05359718102975744,0.15126854486334704,0.043221270974249756
dtsk3,0.19155621224898967,-0.0060199685109981645,0.06593160507084761,0.058986125914717885,-0.03370120900268884,0.1984156109152588,-0.05383670283402591,0.014783368626260717,1.0,0.3239685205439626,-0.0765842152242142,0.04144365045751934,-0.11351915836950806,-0.10950188232931199,0.11635580447874178,-0.1064548879038821,0.04365822156813173,0.0898413631909123,0.018987966499138642,-0.06576156049063678,0.02435494657112548,0.1651335352920258,0.008470134436620123,-0.027039131895988503,0.004125665188256821,0.029128832436000545,0.11202364500029378,0.09224654369193912,-0.041362663207947674,-0.007148503054334142,0.06137621472806386,0.06094189646169118,0.2274085179565027,-0.007590395145348692,0.11589565086896227,0.016127757863131344,0.01759795491429286,-0.0527430914015518,0.1149930226784052,0.17492353192743623,-0.06889624660595454,0.13225840081804324,0.09951516890670162,0.015095168777675413
dtfk4,0.11158673241294599,0.005034170007344959,0.14777467964764984,0.045746629246894994,-0.09277643353200944,0.12301046626885595,0.17147659069192622,0.03388284236085404,0.3239685205439626,1.0,-0.1350500311473372,0.015311701446573909,0.16263670248609702,-0.061709687698297315,0.07367797198611929,0.08168407595132972,0.017142125873774547,0.045626617903801805,-0.04067580917281461,-0.04617109863673075,0.21101909514728065,0.07701620874653876,-0.015007564146581366,0.1227463847332274,0.037214358905139466,0.01764795048503319,0.04643151531600876,0.07009994360694459,0.03112927741802835,0.10454909629094816,0.019181146463867656,0.06652145805125437,0.20337241917117196,-0.07209544681263252,0.07158438008323144,-0.054250521384537044,0.12972401938083702,0.04086012659874684,0.02894200062626322,0.21933901162094213,0.007604672164608682,0.2703445646486211,0.19180351787177938,-0.026541276395516265
ft4,-0.038977957698730366,0.042288969690973406,0.09546310594120418,0.15092145304826166,0.0818261016739469,0.04684868913634783,0.14358542192026538,0.0605772381816939,-0.0765842152242142,-0.1350500311473372,1.0,0.6069016291072339,0.1644179321591045,-0.04579897688816037,-0.0229200089913361,0.023440091995453514,0.11540469782969984,0.05090185180031866,-0.0016631172559957268,0.18136862178732038,0.07383927594709708,0.013739586728270305,-0.011411829641301326,0.01672443793679174,0.08693207000579876,0.1425138176649993,0.08682621487965116,0.15489033899844998,-0.0343688322846652,0.22842021354712186,0.0019037263757660107,0.15052581500078815,0.04152250596652429,-0.04330598141616213,0.12580206719446269,0.016234871624062324,0.16130571194504567,0.23955026652823952,0.12889116862419658,0.02784449249704142,0.0422036968772896,0.13455899070685448,0.38334984284988444,-0.17299668296843204
dtsk4,0.011551507905779112,-0.005217957172154972,0.13375252865978424,0.20665002174354824,-0.012250301819190639,0.08604409470482254,0.024042402981363717,-0.07616954732431344,0.04144365045751934,0.015311701446573909,0.6069016291072339,1.0,0.19750943256763376,-0.0952262736803087,-0.0006030094159574323,-0.115578883799077,-0.08025430498446197,-0.08734826361842613,0.011982830720875776,-0.020352999015500983,0.13234988367129022,0.06453172692076738,0.06701956133225374,0.11307100690777269,0.3425016826377731,0.2263888299424948,0.08881932099475527,-0.0015109394318569306,-0.036143629386977745,0.19865552484780633,0.09629524570284236,-0.015242347645354818,0.050375180456879456,-0.12922540515206593,-0.10054590317271529,0.024750306114045106,0.005978959294386045,-0.04287129872444912,0.07153584384666148,0.07057812863879927,-0.09422931959936831,0.050764209910648235,0.3398632787018361,-0.11347515691779275
dtfk5,-0.10447686337491488,-0.015031211683628405,-0.1636253431018195,-0.1007065100815873,0.030187340675313284,-0.029018118957026946,0.10943116471153894,-0.09500691627689614,-0.11351915836950806,0.16263670248609702,0.1644179321591045,0.19750943256763376,1.0,0.4626882367910314,-0.15292072385955577,-0.059386576797067686,-0.04604474265916726,-0.03836285556139187,0.1158141789214595,0.013733125222167665,0.11738619718596624,0.015631891055772937,-0.014890254603399468,0.1703465554611866,0.03979094188395058,0.07587056073534418,0.03426381660735249,-0.06150513727601762,-0.04633007773187868,-0.01919141718204312,-0.10682273076553027,-0.012584669825260499,0.014969939236037198,0.03160749529980663,-0.05599499648188897,-0.10333756803384346,-0.11540194188166515,-0.04049283251360611,-0.029192741082358312,-0.17244160670615308,-0.02894360356049539,-0.1421115528723386,0.24118127118697036,-0.13079941381560975
ft5,-0.1581104143397575,0.13085793539425947,-0.18878023970531493,-0.16773019414043444,0.10568159647584595,-0.17748157256041203,-0.11240639459479107,-0.043658291547795165,-0.10950188232931199,-0.061709687698297315,-0.04579897688816037,-0.0952262736803087,0.4626882367910314,1.0,-0.08550591337118285,-0.056750459178230545,-0.04424693139396387,-0.02044983447529476,0.14279736025712503,0.13472018711647937,0.061133322063402294,-0.06882205153946554,0.1401780881011141,0.24444794512944265,-0.03405244970557501,0.1446059943410346,-0.03203573214873028,-0.08176925314400435,-0.047866173636766894,-0.0821915180490191,-0.08802749718945185,0.031132799954032703,0.05154555102110093,0.09057858902930521,-0.026164304720258835,-0.0941108202820558,-0.06328908451658113,-0.059416500740017836,0.0033286228691839126,-0.17204646199056334,0.010014525200320897,-0.1993833272892965,0.24598812514874044,-0.0695342082788421
dtsk5,0.08655485413009992,-0.017824049899084028,0.07851480212024049,0.04330419121222461,-0.01441221337310182,0.0297433252158363,0.22238342096139224,0.06270293414271184,0.11635580447874178,0.07367797198611929,-0.0229200089913361,-0.0006030094159574323,-0.15292072385955577,-0.08550591337118285,1.0,0.09822504056365619,0.008370291977866592,0.02477953474028802,-0.047298261551891575,0.06437450790358937,0.04213057052123598,0.14216171239286346,-0.007810620349811304,0.007826440973489054,-0.0015657512781912157,-0.035486379065850865,-0.05245837034921423,-0.029600566333664056,0.06002428563890252,0.039381483509627974,0.15268307662881805,0.01260216435487349,0.10356981370434054,-0.03846941090603396,0.010878845402018632,0.04480054664485366,0.09947386501803053,-0.002706555767300009,0.07564299421957649,0.2734041783569836,-0.03432274651538704,0.2762907743485621,0.09046199940032208,-0.05144511964831735
dtfk6,-0.036174167259189836,0.020257618627260054,0.13172130176057728,-0.047096106527793405,-0.03225594439229756,-0.027854540620518797,0.38085264524721857,0.013668661009660557,-0.1064548879038821,0.08168407595132972,0.023440091995453514,-0.115578883799077,-0.059386576797067686,-0.056750459178230545,0.09822504056365619,1.0,-0.04885886212275473,0.0746341707681773,-0.009812664728751327,0.10929959093507613,0.013191975300618398,0.12430120330213708,-0.001349595091378302,-0.007372649975842374,-0.11831841566533814,-0.06227845189729426,0.05180670211104294,-0.051194644423016196,0.5784190191738794,-0.07351199017195904,0.09426882333770502,0.03263943796419669,0.04059169233550424,0.029673613954411263,0.08049991455600106,0.11295042560368697,0.10190970070584296,0.18151773426001153,-0.07938790815090227,0.14119288811883324,0.18493049709038983,0.36371873413557715,0.15338222014600653,0.03962158584301525
ft6,0.03669249133161789,0.05051364592237126,0.027970072481327365,-0.028637865297418977,0.07193148483167161,0.0029734657718340192,-0.0003213695942161306,0.47027774178426723,0.04365822156813173,0.017142125873774547,0.11540469782969984,-0.08025430498446197,-0.04604474265916726,-0.04424693139396387,0.008370291977866592,-0.04885886212275473,1.0,-0.0027273490065902006,-0.055483633568761195,0.13515081508119978,0.023808722467070973,0.01966591626545554,-0.08694471938231774,-0.10541023282832199,-0.15777494517763863,-0.10453317633972707,0.11691474453556898,0.03464058708997099,0.0053288624413347675,0.029894762977553512,0.014961842070855085,0.04589490005968213,0.11400370069350181,-0.0228838308091084,0.32411587932987795,-0.004557892495103167,0.0819097827201304,0.1578479431092053,0.028449414537694284,0.00671848192037813,0.11901903573047788,0.012062751699427568,0.11382554389091694,-0.003692634854731433
dtsk6,0.22452768157907896,0.09776799832139227,0.08152575972697758,0.07945405958990011,-0.06270223481319152,0.019572563877290148,0.04758014642987181,0.12558194591647234,0.0898413631909123,0.045626617903801805,0.05090185180031866,-0.08734826361842613,-0.03836285556139187,-0.02044983447529476,0.02477953474028802,0.0746341707681773,-0.0027273490065902006,1.0,-0.09942806945262951,0.09316364222762716,0.0873326548766632,0.12402372751634892,-0.03629771577883716,-0.015054863990742942,-0.09467062131363635,-0.0235134208472818,0.17937251207520802,0.028460987803734853,0.05595137799164171,-0.05652246601636807,-0.04925432789463897,0.1399144951557582,0.0565541360241583,0.025350736874911104,-0.010482914276170494,0.07022582960237127,0.13364831484920037,0.20317386163466888,0.22915231564671829,0.1583173437606532,0.06986150097301086,0.08415750629711675,0.18778250948844463,-0.06648568830472514
dtfk7,-0.018647554998397396,-0.006417010900620868,-0.07424414634868994,0.04712782913945813,0.0430389010564447,-0.05468963442072437,0.04238986455933314,-0.055780647241633424,0.018987966499138642,-0.04067580917281461,-0.0016631172559957268,0.011982830720875776,0.1158141789214595,0.14279736025712503,-0.047298261551891575,-0.009812664728751327,-0.055483633568761195,-0.09942806945262951,1.0,-0.02998489655935372,0.044426861380248296,-0.03480252571354962,0.10702876021397623,0.23079921123640434,0.08187587618343221,0.11039032883483865,0.007577763795458663,0.16794146574888458,-0.011827448597843498,-0.030039525183702682,-0.08947486908135335,0.006681576834154619,-0.0003804738110185,0.03561078607359403,0.18360512208358756,-0.048761840397300936,-0.00622555453558227,0.032807743837236315,-0.0275063830330994,-0.08485193967917648,0.0923927624737747,-0.06544226094340651,0.21359670392606897,-0.05354602192005213
ft7,-0.05455030679224229,0.015156938055213941,0.04757449964865226,-0.06788252103261377,-0.020061017536947008,-0.03328104787053686,0.042664750060863975,0.15941960045894943,-0.06576156049063678,-0.04617109863673075,0.18136862178732038,-0.020352999015500983,0.013733125222167665,0.13472018711647937,0.06437450790358937,0.10929959093507613,0.13515081508119978,0.09316364222762716,-0.02998489655935372,1.0,0.08810294590047045,0.03428466268370719,0.05056869060085709,0.003253967562904644,-0.050134288266121395,-0.027260533663560384,-0.04906087461894765,0.03364361482296725,0.08453667630952998,0.10378574638104356,0.009103303642702015,0.11453797094543122,0.15600677590712037,-0.06487082681391443,0.11890438751455919,0.056553661861178176,0.09622342674106486,0.2591605720115689,0.04032616249412027,0.04523560707331297,0.16041968800034692,0.025867054668076202,0.2182462521824752,-0.058367684412296915
dtsk7,0.04903543271780453,0.009062402807035266,0.0024728344876939626,0.10018391942374967,0.017363747434490765,0.0936926277010695,0.1381925082441419,-0.04431490662909616,0.02435494657112548,0.21101909514728065,0.07383927594709708,0.13234988367129022,0.11738619718596624,0.061133322063402294,0.04213057052123598,0.013191975300618398,0.023808722467070973,0.0873326548766632,0.044426861380248296,0.08810294590047045,1.0,0.06533749375004823,-0.04061380094597619,0.2410360543369517,0.17213104784112562,0.1726744796761111,0.04687246192455622,0.07796738082348427,0.02602326431741894,0.12199980219024109,0.03180638669896504,0.10269629363825489,0.07172171378027174,-0.18309141358961903,-0.06326239156090399,0.011621716481444644,0.05695246434471344,0.1111446047489774,0.23518071088759399,0.09095013501451954,0.07939773613234362,0.15689850798892288,0.30264974863028604,-0.11935975106216935
dtfk8,0.08684253819232227,-0.015343083735427544,0.033233526908115436,0.1243682955370808,-0.07566612757222597,0.17459568033618506,0.06363746157662019,-0.026642367059684882,0.1651335352920258,0.07701620874653876,0.013739586728270305,0.06453172692076738,0.015631891055772937,-0.06882205153946554,0.14216171239286346,0.12430120330213708,0.01966591626545554,0.12402372751634892,-0.03480252571354962,0.03428466268370719,0.06533749375004823,1.0,-0.05695482932070374,-0.043880697075524444,0.0426275322458015,-0.0076697927947596235,0.1331873700230971,-0.009070629887140734,0.02285642561007982,0.025211332756821234,0.05206916568736596,0.10965290489604111,0.08167258214731032,-0.050431760166185266,-0.007869776422497449,0.07075331572946149,0.15608255480842925,-0.01995061067910573,0.13334902403436083,0.16655215520634242,0.004448417710359131,0.13221194146541612,0.1534545805208103,0.013063076664998648
ft8,-0.07234908500030479,-0.014151868178054017,-0.07480049909011917,-0.09978023062851694,0.018234026217989897,-0.09415793106372644,-0.043733407002290746,-0.06438848590863616,0.008470134436620123,-0.015007564146581366,-0.011411829641301326,0.06701956133225374,-0.014890254603399468,0.1401780881011141,-0.007810620349811304,-0.001349595091378302,-0.08694471938231774,-0.03629771577883716,0.10702876021397623,0.05056869060085709,-0.04061380094597619,-0.05695482932070374,1.0,0.5048500575037227,0.19312709289510416,0.3674007091900151,-0.045621142767040324,0.0866246570415073,-0.0162117063931447,-0.03224913959477462,-0.04715482669395124,-0.084472701143507,-0.026913785352471423,0.03404404428381815,0.056592616077374876,-0.045002992531235436,0.015066581300637464,-0.08777906979775744,0.03423846874613453,-0.03840487020778809,-0.013659936077152173,-0.06474640526275253,0.34232879949451445,0.034448949763980795
dtsk8,-0.11130343784990289,-0.0032805440779818907,-0.22062278567461635,-0.09355618449359811,0.015311913233475714,-0.1536613061150981,0.04420873049358736,-0.09972505186286944,-0.027039131895988503,0.1227463847332274,0.01672443793679174,0.11307100690777269,0.1703465554611866,0.24444794512944265,0.007826440973489054,-0.007372649975842374,-0.10541023282832199,-0.015054863990742942,0.23079921123640434,0.003253967562904644,0.2410360543369517,-0.043880697075524444,0.5048500575037227,1.0,0.24760001685485855,0.3796141951535185,-0.09024058464201942,0.15288368053873763,-0.05231890865865304,0.006231399659178346,-0.1034124326561104,0.14072160081097373,-0.04971327476198701,0.05863045121641156,0.08759454963398897,-0.09097711531076287,0.04873968465826375,-0.0749067623549012,0.12532025694685034,-0.11253141669395673,-0.015293794632107153,-0.05221428814763039,0.44006797606852793,0.05349630466861553
dtfk9,-0.004086601902199377,-0.041459366883650144,0.05631208329851749,0.1709245211517168,-0.034584587269426974,-0.021562386469609347,-0.04416467493072121,-0.07552071854534773,0.004125665188256821,0.037214358905139466,0.08693207000579876,0.3425016826377731,0.03979094188395058,-0.03405244970557501,-0.0015657512781912157,-0.11831841566533814,-0.15777494517763863,-0.09467062131363635,0.08187587618343221,-0.050134288266121395,0.17213104784112562,0.0426275322458015,0.19312709289510416,0.24760001685485855,1.0,0.5404037744896012,-0.08491096650856558,0.05170419899098799,-0.026147423498903345,0.109007884205015,0.049410957885667614,-0.050177452452945644,0.05834361418463266,-0.03241524511503246,-0.025053525792497568,-0.06137414529170569,0.08848070594991723,-0.07974585047924522,0.21658014747807472,-0.018017064023487645,-0.09368852808802357,-0.029484375130006634,0.5093433245370994,8.37688569208267e-05
ft9,-0.021522647925913574,0.051736291570506326,-0.09452010797174647,0.11723753011857939,0.011311211586419229,-0.11685372869323764,-0.05668537350069311,-0.0969268971825939,0.029128832436000545,0.01764795048503319,0.1425138176649993,0.2263888299424948,0.07587056073534418,0.1446059943410346,-0.035486379065850865,-0.06227845189729426,-0.10453317633972707,-0.0235134208472818,0.11039032883483865,-0.027260533663560384,0.1726744796761111,-0.0076697927947596235,0.3674007091900151,0.3796141951535185,0.5404037744896012,1.0,-0.17790383438621898,0.07509132676987754,-0.05683242283246609,0.014734663915656681,0.011401956899640273,-0.06902770829976312,-0.005552033509475115,0.024796165439817358,-0.0053235512912611915,-0.04987778861158411,-0.0009669234077607359,0.01836225012049724,0.1853240790100784,-0.09604928423040786,-0.0183997279871446,-0.06740444850755252,0.5640023225969882,0.005082757144227501
dtsk9,0.10012035100395428,0.029213159907008467,0.04450870365895237,-0.054947869664772796,0.04852641861415826,0.07170609512477327,0.08681684622751769,-0.0001460494855669317,0.11202364500029378,0.04643151531600876,0.08682621487965116,0.08881932099475527,0.03426381660735249,-0.03203573214873028,-0.05245837034921423,0.05180670211104294,0.11691474453556898,0.17937251207520802,0.007577763795458663,-0.04906087461894765,0.04687246192455622,0.1331873700230971,-0.045621142767040324,-0.09024058464201942,-0.08491096650856558,-0.17790383438621898,1.0,-0.048140537303706835,0.039757276917027906,-0.002673833164423606,-0.05285156129219566,0.04556228644779907,0.1447306776819656,-0.06009060825686603,0.01649785186589792,-0.01246244542177717,0.0890239483231225,0.010743192042943025,0.0006206053628743548,0.1122270016215306,-0.0025123818574881943,0.050089273330670106,0.07494575588309962,-0.016405212555980354
dtfk10,0.04738614190616173,-0.010068256956380814,-0.039732775351112706,0.06253156005616124,0.024413466649537547,0.039684846834129595,0.04291632140735932,0.012446778959341265,0.09224654369193912,0.07009994360694459,0.15489033899844998,-0.0015109394318569306,-0.06150513727601762,-0.08176925314400435,-0.029600566333664056,-0.051194644423016196,0.03464058708997099,0.028460987803734853,0.16794146574888458,0.03364361482296725,0.07796738082348427,-0.009070629887140734,0.0866246570415073,0.15288368053873763,0.05170419899098799,0.07509132676987754,-0.048140537303706835,1.0,-0.06060575317418286,0.22983976219170119,0.0029254680817404617,0.05274223598612209,0.033096666040658106,0.14164617269355534,0.3768148907624858,-0.02428041359680398,0.034741124881450224,0.1542382223934277,0.026698344963405472,-0.0851698508520102,0.038525823221212833,0.018836524313062847,0.27601226138337726,-0.014650960994329606
ft10,0.013337467126412978,-0.0025703960628091632,0.12260735876014632,-0.008919410427624095,0.022922293568372644,-0.050632161464686146,0.07013130742765515,0.03238787201471037,-0.041362663207947674,0.03112927741802835,-0.0343688322846652,-0.036143629386977745,-0.04633007773187868,-0.047866173636766894,0.06002428563890252,0.5784190191738794,0.0053288624413347675,0.05595137799164171,-0.011827448597843498,0.08453667630952998,0.02602326431741894,0.02285642561007982,-0.0162117063931447,-0.05231890865865304,-0.026147423498903345,-0.05683242283246609,0.039757276917027906,-0.06060575317418286,1.0,0.04224908365384474,0.11380995168123169,0.016497004680564576,0.10015680909152501,-0.03214169112690728,-0.038536854664917845,0.3007330262470503,0.04668683989933053,0.06999050816660098,0.017705418653569092,0.11600672082500665,0.010742424443481141,0.11496526243990915,0.12835712433774274,0.13564479547864053
dtsk10,-0.0640041076409628,0.01493888216524801,0.09404730527372179,0.005047932164959461,0.05117034784875371,0.007739716387284876,0.065820191821695,-0.017298953916834045,-0.007148503054334142,0.10454909629094816,0.22842021354712186,0.19865552484780633,-0.01919141718204312,-0.0821915180490191,0.039381483509627974,-0.07351199017195904,0.029894762977553512,-0.05652246601636807,-0.030039525183702682,0.10378574638104356,0.12199980219024109,0.025211332756821234,-0.03224913959477462,0.006231399659178346,0.109007884205015,0.014734663915656681,-0.002673833164423606,0.22983976219170119,0.04224908365384474,1.0,0.19020038465505057,0.02456653929755112,0.0719351544970805,-0.09436829310956417,0.07289383766098619,0.11435966240012298,0.15489332867514236,0.007975185611464226,0.03999026252236377,-0.0466697407897092,0.016082477694456816,0.10822298006133382,0.2475184588061226,0.05861428651831032
dtfk11,0.10909636164619615,-0.04367644384038262,0.1011524053131507,0.1683245046521292,-0.0269359055277144,0.027369106890022483,0.02451594552182422,-0.08121462342317123,0.06137621472806386,0.019181146463867656,0.0019037263757660107,0.09629524570284236,-0.10682273076553027,-0.08802749718945185,0.15268307662881805,0.09426882333770502,0.014961842070855085,-0.04925432789463897,-0.08947486908135335,0.009103303642702015,0.03180638669896504,0.05206916568736596,-0.04715482669395124,-0.1034124326561104,0.049410957885667614,0.011401956899640273,-0.05285156129219566,0.0029254680817404617,0.11380995168123169,0.19020038465505057,1.0,-0.34919760600461935,0.2295620651139294,-0.1414529830613502,-0.0677791831635941,0.09818147397935535,0.08000445998818319,-0.014911866095654947,0.1159977732886699,0.34066222213705033,0.003714144721870243,0.2109843492101109,0.07926045678409324,-0.08453628425908821
ft11,0.11981891020021665,0.08048238124648921,0.13481657831038216,-0.024865212745076967,0.09269346659893618,-0.05055519789804118,0.07684524354834293,0.11058222701406646,0.06094189646169118,0.06652145805125437,0.15052581500078815,-0.015242347645354818,-0.012584669825260499,0.031132799954032703,0.01260216435487349,0.03263943796419669,0.04589490005968213,0.1399144951557582,0.006681576834154619,0.11453797094543122,0.10269629363825489,0.10965290489604111,-0.084472701143507,0.14072160081097373,-0.050177452452945644,-0.06902770829976312,0.04556228644779907,0.05274223598612209,0.016497004680564576,0.02456653929755112,-0.34919760600461935,1.0,-0.13406657447300327,-0.044075180740595125,0.15286629817167,0.06552457944029134,0.020779897170874334,0.1864780504244946,0.0819305250239801,0.04756236861076929,0.14748229310850383,0.028041484382875737,0.15501206217224933,-0.008746468971129913
dtsk11,0.17387396053752494,-0.06547771886628852,0.08084408461519192,0.1002633422073911,-0.1152879044987823,0.2264742792002493,0.06812086183448564,0.031265402076825405,0.2274085179565027,0.20337241917117196,0.04152250596652429,0.050375180456879456,0.014969939236037198,0.05154555102110093,0.10356981370434054,0.04059169233550424,0.11400370069350181,0.0565541360241583,-0.0003804738110185,0.15600677590712037,0.07172171378027174,0.08167258214731032,-0.026913785352471423,-0.04971327476198701,0.05834361418463266,-0.005552033509475115,0.1447306776819656,0.033096666040658106,0.10015680909152501,0.0719351544970805,0.2295620651139294,-0.13406657447300327,1.0,0.001170509238050716,0.07604336571597171,0.052422556109885915,0.1540942094785994,-0.0012667579576809862,0.07845614336340559,0.24276025674303361,-0.0023927471513820243,0.1874158651378748,0.1991942184269665,-0.09857921413116887
dtfk12,-0.03837661253537099,-0.04462581615212588,-0.029072451327253116,-0.035983292646288856,0.07176554709941864,0.10586020120511531,0.023414051973728724,-0.021184497640241422,-0.007590395145348692,-0.07209544681263252,-0.04330598141616213,-0.12922540515206593,0.03160749529980663,0.09057858902930521,-0.03846941090603396,0.029673613954411263,-0.0228838308091084,0.025350736874911104,0.03561078607359403,-0.06487082681391443,-0.18309141358961903,-0.050431760166185266,0.03404404428381815,0.05863045121641156,-0.03241524511503246,0.024796165439817358,-0.06009060825686603,0.14164617269355534,-0.03214169112690728,-0.09436829310956417,-0.1414529830613502,-0.044075180740595125,0.001170509238050716,1.0,0.13435128143378192,-0.006033597708401555,-0.15615081384099525,0.03467422101837519,-0.1534729110250486,-0.1760017680733231,0.003813866279813159,-0.032881125438439816,0.1137444943200108,-0.015082844585998779
ft12,0.15746995565945324,0.08655310357154535,0.0240486733791176,-0.037339860483148996,0.019174907078588408,-0.0067408914666137205,0.020438724617482373,0.2682820898027033,0.11589565086896227,0.07158438008323144,0.12580206719446269,-0.10054590317271529,-0.05599499648188897,-0.026164304720258835,0.010878845402018632,0.08049991455600106,0.32411587932987795,-0.010482914276170494,0.18360512208358756,0.11890438751455919,-0.06326239156090399,-0.007869776422497449,0.056592616077374876,0.08759454963398897,-0.025053525792497568,-0.0053235512912611915,0.01649785186589792,0.3768148907624858,-0.038536854664917845,0.07289383766098619,-0.0677791831635941,0.15286629817167,0.07604336571597171,0.13435128143378192,1.0,-0.032583844446097195,0.09259977228085683,0.22079810133587094,0.03855756100965336,-0.08946348913392921,0.16548877184986108,0.04261550052014007,0.32199919664883747,-0.0541177152216419
dtsk12,0.07273047894927297,0.013508598454755518,0.14298379844993725,0.018502975426232433,0.03618803614270644,0.040422769929746125,-0.013062528049221917,0.02324989490504057,0.016127757863131344,-0.054250521384537044,0.016234871624062324,0.024750306114045106,-0.10333756803384346,-0.0941108202820558,0.04480054664485366,0.11295042560368697,-0.004557892495103167,0.07022582960237127,-0.048761840397300936,0.056553661861178176,0.011621716481444644,0.07075331572946149,-0.045002992531235436,-0.09097711531076287,-0.06137414529170569,-0.04987778861158411,-0.01246244542177717,-0.02428041359680398,0.3007330262470503,0.11435966240012298,0.09818147397935535,0.06552457944029134,0.052422556109885915,-0.006033597708401555,-0.032583844446097195,1.0,0.10872636621677745,0.010752393714662575,-0.015422783247783506,0.10764603751909405,-0.019986065845144136,0.0671511775694698,0.08578422952082905,-0.053080217378777966
dtfk13,0.07247646300462056,0.008254023023825849,0.16126213832137803,0.06690984333595079,-0.02954920824967023,0.07746729269627375,0.2514559323647595,0.044385829218301504,0.01759795491429286,0.12972401938083702,0.16130571194504567,0.005978959294386045,-0.11540194188166515,-0.06328908451658113,0.09947386501803053,0.10190970070584296,0.0819097827201304,0.13364831484920037,-0.00622555453558227,0.09622342674106486,0.05695246434471344,0.15608255480842925,0.015066581300637464,0.04873968465826375,0.08848070594991723,-0.0009669234077607359,0.0890239483231225,0.034741124881450224,0.04668683989933053,0.15489332867514236,0.08000445998818319,0.020779897170874334,0.1540942094785994,-0.15615081384099525,0.09259977228085683,0.10872636621677745,1.0,0.04925496932643795,0.32314547572861985,0.2642225734070272,0.18250420802463885,0.3302457191256036,0.25811482371140043,-0.11354219488272392
ft13,0.03354600552680986,0.07215283028425552,0.12393771596149476,0.030242754095366274,-0.047023041572934236,0.06551791437881137,0.23380865331581221,0.17304136087342067,-0.0527430914015518,0.04086012659874684,0.23955026652823952,-0.04287129872444912,-0.04049283251360611,-0.059416500740017836,-0.002706555767300009,0.18151773426001153,0.1578479431092053,0.20317386163466888,0.032807743837236315,0.2591605720115689,0.1111446047489774,-0.01995061067910573,-0.08777906979775744,-0.0749067623549012,-0.07974585047924522,0.01836225012049724,0.010743192042943025,0.1542382223934277,0.06999050816660098,0.007975185611464226,-0.014911866095654947,0.1864780504244946,-0.0012667579576809862,0.03467422101837519,0.22079810133587094,0.010752393714662575,0.04925496932643795,1.0,-0.02021233132242459,0.12510728199494314,0.5258111723895199,0.2080602702801177,0.2687760861265971,-0.09829631185076941
dtsk13,0.10488806619667418,0.006479026793090303,0.04367787390318588,0.10372417241276043,0.10234416589067057,-0.07349624369205353,-0.03809990780736709,-0.002665072459527346,0.1149930226784052,0.02894200062626322,0.12889116862419658,0.07153584384666148,-0.029192741082358312,0.0033286228691839126,0.07564299421957649,-0.07938790815090227,0.028449414537694284,0.22915231564671829,-0.0275063830330994,0.04032616249412027,0.23518071088759399,0.13334902403436083,0.03423846874613453,0.12532025694685034,0.21658014747807472,0.1853240790100784,0.0006206053628743548,0.026698344963405472,0.017705418653569092,0.03999026252236377,0.1159977732886699,0.0819305250239801,0.07845614336340559,-0.1534729110250486,0.03855756100965336,-0.015422783247783506,0.32314547572861985,-0.02021233132242459,1.0,0.22370499321954795,-0.04445621409144897,0.09847462648712492,0.2904510253360879,-0.01734112240231086
dtfk14,0.195970721595986,-0.08445106388727268,0.2240277632055097,0.21772065066544008,-0.15015476875393532,0.17005186582068602,0.17830637322308904,0.04004001724396716,0.17492353192743623,0.21933901162094213,0.02784449249704142,0.07057812863879927,-0.17244160670615308,-0.17204646199056334,0.2734041783569836,0.14119288811883324,0.00671848192037813,0.1583173437606532,-0.08485193967917648,0.04523560707331297,0.09095013501451954,0.16655215520634242,-0.03840487020778809,-0.11253141669395673,-0.018017064023487645,-0.09604928423040786,0.1122270016215306,-0.0851698508520102,0.11600672082500665,-0.0466697407897092,0.34066222213705033,0.04756236861076929,0.24276025674303361,-0.1760017680733231,-0.08946348913392921,0.10764603751909405,0.2642225734070272,0.12510728199494314,0.22370499321954795,1.0,-0.04193302656414828,0.5744498436826647,0.07615949740708969,-0.06956589864837974
ft14,0.11116810392955173,0.08056041091395413,0.04635835313546141,0.009409067656890532,-0.03787329094714887,0.03447249649661061,0.24721966978268747,0.1410450331994875,-0.06889624660595454,0.007604672164608682,0.0422036968772896,-0.09422931959936831,-0.02894360356049539,0.010014525200320897,-0.03432274651538704,0.18493049709038983,0.11901903573047788,0.06986150097301086,0.0923927624737747,0.16041968800034692,0.07939773613234362,0.004448417710359131,-0.013659936077152173,-0.015293794632107153,-0.09368852808802357,-0.0183997279871446,-0.0025123818574881943,0.038525823221212833,0.010742424443481141,0.016082477694456816,0.003714144721870243,0.14748229310850383,-0.0023927471513820243,0.003813866279813159,0.16548877184986108,-0.019986065845144136,0.18250420802463885,0.5258111723895199,-0.04445621409144897,-0.04193302656414828,1.0,0.18759023941356734,0.20768659603849127,-0.12362312019638702
dtsk14,0.11719857181474935,-0.03728042543962149,0.3042499893796173,0.16261128086110554,-0.038963383284183264,0.19106103524397236,0.5116104017818232,0.05359718102975744,0.13225840081804324,0.2703445646486211,0.13455899070685448,0.050764209910648235,-0.1421115528723386,-0.1993833272892965,0.2762907743485621,0.36371873413557715,0.012062751699427568,0.08415750629711675,-0.06544226094340651,0.025867054668076202,0.15689850798892288,0.13221194146541612,-0.06474640526275253,-0.05221428814763039,-0.029484375130006634,-0.06740444850755252,0.050089273330670106,0.018836524313062847,0.11496526243990915,0.10822298006133382,0.2109843492101109,0.028041484382875737,0.1874158651378748,-0.032881125438439816,0.04261550052014007,0.0671511775694698,0.3302457191256036,0.2080602702801177,0.09847462648712492,0.5744498436826647,0.18759023941356734,1.0,0.20518557632503184,-0.09078621667945508
sum,0.09178233152213837,0.32403365923199456,0.13514558409929564,0.15338283271353126,0.09063531635169793,0.045515952790214385,0.2175695533236187,0.15126854486334704,0.09951516890670162,0.19180351787177938,0.38334984284988444,0.3398632787018361,0.24118127118697036,0.24598812514874044,0.09046199940032208,0.15338222014600653,0.11382554389091694,0.18778250948844463,0.21359670392606897,0.2182462521824752,0.30264974863028604,0.1534545805208103,0.34232879949451445,0.44006797606852793,0.5093433245370994,0.5640023225969882,0.07494575588309962,0.27601226138337726,0.12835712433774274,0.2475184588061226,0.07926045678409324,0.15501206217224933,0.1991942184269665,0.1137444943200108,0.32199919664883747,0.08578422952082905,0.25811482371140043,0.2687760861265971,0.2904510253360879,0.07615949740708969,0.20768659603849127,0.20518557632503184,1.0,-0.08145034575036225
class,-0.028299890010823198,0.09976712490474607,-0.05761295316837086,-0.027076404818692144,-0.016378001529608072,-0.047197912254269794,-0.11834118058069398,0.043221270974249756,0.015095168777675413,-0.026541276395516265,-0.17299668296843204,-0.11347515691779275,-0.13079941381560975,-0.0695342082788421,-0.05144511964831735,0.03962158584301525,-0.003692634854731433,-0.06648568830472514,-0.05354602192005213,-0.058367684412296915,-0.11935975106216935,0.013063076664998648,0.034448949763980795,0.05349630466861553,8.37688569208267e-05,0.005082757144227501,-0.016405212555980354,-0.014650960994329606,0.13564479547864053,0.05861428651831032,-0.08453628425908821,-0.008746468971129913,-0.09857921413116887,-0.015082844585998779,-0.0541177152216419,-0.053080217378777966,-0.11354219488272392,-0.09829631185076941,-0.01734112240231086,-0.06956589864837974,-0.12362312019638702,-0.09078621667945508,-0.08145034575036225,1.0
